{"cameraMode":{"drawMode":0,"name":"Shaded","section":"Shading Mode"},"sceneLighting":true,"audioPlay":false,"sceneViewState":{"showFog":true,"showMaterialUpdate":false,"showSkybox":true,"showFlares":true,"showImageEffects":true,"showParticleSystems":true},"in2DMode":false,"pivot":{"x":1.14501953125,"y":1.224365234375,"z":0.5009765625},"rotation":{"x":0.1488482803106308,"y":0.8426769971847534,"z":-0.29515257477760317,"w":0.42499956488609316},"size":5.751767635345459,"orthographic":true}