{"cameraMode":{"drawMode":0,"name":"Shaded","section":"Shading Mode"},"sceneLighting":true,"audioPlay":false,"sceneViewState":{"showFog":true,"showMaterialUpdate":false,"showSkybox":true,"showFlares":true,"showImageEffects":true,"showParticleSystems":true},"in2DMode":false,"pivot":{"x":0.1791229248046875,"y":1.191162109375,"z":-1.619140625},"rotation":{"x":0.01922818273305893,"y":0.9788065552711487,"z":-0.172052264213562,"w":0.1093895360827446},"size":13.551366806030274,"orthographic":true}