{"cameraMode":{"drawMode":0,"name":"Shaded","section":"Shading Mode"},"sceneLighting":true,"audioPlay":false,"sceneViewState":{"showFog":true,"showMaterialUpdate":false,"showSkybox":true,"showFlares":true,"showImageEffects":true,"showParticleSystems":true},"in2DMode":false,"pivot":{"x":2.201416015625,"y":1.111328125,"z":-0.189453125},"rotation":{"x":0.0011178967542946339,"y":-0.9784526228904724,"z":0.20640042424201966,"w":0.005309823900461197},"size":7.1929931640625,"orthographic":true}