{"cameraMode":{"drawMode":0,"name":"Shaded","section":"Shading Mode"},"sceneLighting":true,"audioPlay":false,"sceneViewState":{"showFog":true,"showMaterialUpdate":false,"showSkybox":true,"showFlares":true,"showImageEffects":true,"showParticleSystems":true},"in2DMode":false,"pivot":{"x":-0.0785531997680664,"y":2.2822608947753908,"z":-0.2523939609527588},"rotation":{"x":0.01782936230301857,"y":-0.9803879857063294,"z":0.10569878667593003,"w":0.16537627577781678},"size":9.050396919250489,"orthographic":true}