{"cameraMode":{"drawMode":0,"name":"Shaded","section":"Shading Mode"},"sceneLighting":true,"audioPlay":false,"sceneViewState":{"showFog":true,"showMaterialUpdate":false,"showSkybox":true,"showFlares":true,"showImageEffects":true,"showParticleSystems":true},"in2DMode":false,"pivot":{"x":0.030526846647262574,"y":-0.4489666819572449,"z":-0.9370797276496887},"rotation":{"x":-0.06847386807203293,"y":0.9215160608291626,"z":-0.3314898610115051,"w":-0.19035205245018006},"size":1.406480073928833,"orthographic":false}