{"cameraMode":{"drawMode":0,"name":"Shaded","section":"Shading Mode"},"sceneLighting":true,"audioPlay":false,"sceneViewState":{"showFog":true,"showMaterialUpdate":false,"showSkybox":true,"showFlares":true,"showImageEffects":true,"showParticleSystems":true},"in2DMode":false,"pivot":{"x":-0.2930770814418793,"y":0.20967257022857667,"z":0.0010516047477722169},"rotation":{"x":-0.11045917123556137,"y":0.8845561146736145,"z":-0.2666720747947693,"w":-0.36639511585235598},"size":8.739344596862793,"orthographic":false}