{"cameraMode":{"drawMode":0,"name":"Shaded","section":"Shading Mode"},"sceneLighting":false,"audioPlay":false,"sceneViewState":{"showFog":true,"showMaterialUpdate":false,"showSkybox":false,"showFlares":true,"showImageEffects":true,"showParticleSystems":true},"in2DMode":false,"pivot":{"x":0.026049919426441194,"y":-0.009769663214683533,"z":-0.0011845231056213379},"rotation":{"x":-0.031302690505981448,"y":0.9310925006866455,"z":-0.3539885878562927,"w":-0.08233519643545151},"size":0.533345103263855,"orthographic":false}