{"cameraMode":{"drawMode":0,"name":"Shaded","section":"Shading Mode"},"sceneLighting":true,"audioPlay":false,"sceneViewState":{"showFog":true,"showMaterialUpdate":false,"showSkybox":true,"showFlares":true,"showImageEffects":true,"showParticleSystems":true},"in2DMode":false,"pivot":{"x":0.208251953125,"y":0.19921875,"z":-0.0310211181640625},"rotation":{"x":-0.22477729618549348,"y":0.6713204383850098,"z":-0.2254527062177658,"w":-0.6693094968795776},"size":2.056318521499634,"orthographic":true}