{"cameraMode":{"drawMode":0,"name":"Shaded","section":"Shading Mode"},"sceneLighting":false,"audioPlay":false,"sceneViewState":{"showFog":true,"showMaterialUpdate":false,"showSkybox":false,"showFlares":true,"showImageEffects":true,"showParticleSystems":true},"in2DMode":false,"pivot":{"x":14.787349700927735,"y":7.1456451416015629,"z":22.806358337402345},"rotation":{"x":0.036575548350811008,"y":0.8538615107536316,"z":-0.06056307628750801,"w":0.5156694650650024},"size":16.4429874420166,"orthographic":false}