{"cameraMode":{"drawMode":0,"name":"Shaded","section":"Shading Mode"},"sceneLighting":false,"audioPlay":false,"sceneViewState":{"showFog":true,"showMaterialUpdate":false,"showSkybox":false,"showFlares":true,"showImageEffects":true,"showParticleSystems":true},"in2DMode":false,"pivot":{"x":120.5706787109375,"y":10.447734832763672,"z":91.97276306152344},"rotation":{"x":-0.16275647282600404,"y":0.4813898205757141,"z":-0.09148786962032318,"w":-0.8563901782035828},"size":30.73310661315918,"orthographic":false}