{"cameraMode":{"drawMode":0,"name":"Shaded","section":"Shading Mode"},"sceneLighting":false,"audioPlay":false,"sceneViewState":{"showFog":true,"showMaterialUpdate":false,"showSkybox":false,"showFlares":true,"showImageEffects":true,"showParticleSystems":true},"in2DMode":false,"pivot":{"x":-15.066702842712403,"y":16.89752960205078,"z":7.21309757232666},"rotation":{"x":0.036575548350811008,"y":0.8538615107536316,"z":-0.06056307628750801,"w":0.5156694650650024},"size":5.227323532104492,"orthographic":false}